period,period_end,nim_pct,casa_pct,npl_pct,car_pct,loan_growth_yoy_pct,cost_of_credit_pct,cost_income_pct,source
2024Q1,2024-03-31,5.2,74.0,1.2,19.9,19.1,1.0,36.5,SAMPLE — verify vs IR deck
2024Q2,2024-06-30,5.1,74.5,1.0,20.1,20.5,0.9,36.0,SAMPLE — verify vs IR deck
2024Q3,2024-09-30,5.1,75.0,1.0,20.3,20.8,0.8,36.2,SAMPLE — verify vs IR deck
2024Q4,2024-12-31,5.0,75.5,1.1,20.5,19.5,0.8,36.8,SAMPLE — verify vs IR deck
2025Q1,2025-03-31,4.9,75.8,1.2,20.2,16.5,0.9,37.2,SAMPLE — verify vs IR deck
2025Q2,2025-06-30,4.8,76.0,1.2,20.4,11.5,0.9,37.8,SAMPLE — verify vs IR deck
2025Q3,2025-09-30,4.8,76.4,1.1,20.6,9.0,0.8,38.0,SAMPLE — verify vs IR deck
2025Q4,2025-12-31,4.9,76.8,1.1,20.8,7.5,0.8,38.2,SAMPLE — verify vs IR deck
2026Q1,2026-03-31,4.9,77.0,1.1,21.0,7.0,0.8,38.5,SAMPLE — verify vs IR deck
